Feature,Importance
numeric__failures,0.30629506482340846
categorical__higher_no,0.11280842069801346
categorical__school_GP,0.09427825248488735
numeric__Walc,0.0762489007272726
numeric__absences,0.05638797479916292
categorical__famsize_GT3,0.04924582141664196
categorical__Fjob_other,0.04340562594689627
numeric__goout,0.040850218974561765
numeric__Fedu,0.03553653365636852
categorical__Fjob_services,0.02837406198723754
numeric__famrel,0.02626040369787225
categorical__romantic_yes,0.025928805665562982
categorical__address_U,0.023157969868677682
numeric__age,0.021702812973448133
numeric__traveltime,0.02042617691618648
numeric__Dalc,0.01771684613038193
categorical__Mjob_other,0.016705454722983116
categorical__schoolsup_yes,0.0030477168833898055
categorical__reason_home,0.0016229376270467087
categorical__sex_M,0.0
categorical__famsize_LE3,0.0
categorical__address_R,0.0
categorical__sex_F,0.0
categorical__school_MS,0.0
categorical__reason_reputation,0.0
categorical__reason_other,0.0
categorical__reason_course,0.0
categorical__Fjob_teacher,0.0
categorical__Fjob_health,0.0
categorical__Mjob_services,0.0
categorical__Mjob_teacher,0.0
categorical__Fjob_at_home,0.0
categorical__Pstatus_T,0.0
categorical__Mjob_at_home,0.0
categorical__Pstatus_A,0.0
categorical__Mjob_health,0.0
categorical__schoolsup_no,0.0
categorical__famsup_no,0.0
categorical__guardian_other,0.0
categorical__guardian_father,0.0
categorical__internet_no,0.0
categorical__higher_yes,0.0
categorical__nursery_yes,0.0
categorical__nursery_no,0.0
categorical__activities_no,0.0
categorical__activities_yes,0.0
categorical__paid_yes,0.0
categorical__paid_no,0.0
categorical__guardian_mother,0.0
categorical__famsup_yes,0.0
categorical__romantic_no,0.0
categorical__internet_yes,0.0
numeric__studytime,0.0
numeric__Medu,0.0
numeric__freetime,0.0
numeric__health,0.0
