Age,Study_Hours,Attendance,Previous_Score,Assignments_Completed,Pass
18,2,55,45,4,0
19,3,60,50,5,0
20,4,65,55,5,0
21,2,58,48,4,0
22,3,62,52,5,0
19,5,70,60,6,1
20,6,75,65,7,1
21,5,72,63,6,1
22,7,80,70,8,1
23,6,78,68,7,1
24,8,85,75,9,1
20,7,82,72,8,1
21,4,68,58,6,0
23,3,61,54,5,0
25,2,50,42,3,0
18,6,76,64,7,1
19,7,80,69,8,1
22,8,88,78,9,1
24,5,74,66,7,1
25,4,69,57,6,0
20,2,57,46,4,0
21,6,77,67,7,1
23,7,84,73,8,1
24,3,63,55,5,0
26,2,52,44,3,0
22,6,79,71,8,1
19,4,67,56,6,0
23,8,90,82,9,1
25,6,81,74,8,1
21,3,59,49,4,0